"type of insurance company","investment assets","quarter","Investment assets of Swedish insurance companies, stock values, MSEK"
"Life insurance companies","1. Cash at bank and in hand","2007K3",29690
"Life insurance companies","1. Cash at bank and in hand","2007K4",35045
"Life insurance companies","1. Cash at bank and in hand","2008K1",42981
"Life insurance companies","1. Cash at bank and in hand","2008K2",30477
"Life insurance companies","1. Cash at bank and in hand","2008K3",35902
"Life insurance companies","1. Cash at bank and in hand","2008K4",59090
"Life insurance companies","1. Cash at bank and in hand","2009K1",53613
"Life insurance companies","1. Cash at bank and in hand","2009K2",44755
"Life insurance companies","1. Cash at bank and in hand","2009K3",42767
"Life insurance companies","1. Cash at bank and in hand","2009K4",45730
"Life insurance companies","1. Cash at bank and in hand","2010K1",60785
"Life insurance companies","1. Cash at bank and in hand","2010K2",56548
"Life insurance companies","1. Cash at bank and in hand","2010K3",56691
"Life insurance companies","1. Cash at bank and in hand","2010K4",49368
"Life insurance companies","1. Cash at bank and in hand","2011K1",54626
"Life insurance companies","1. Cash at bank and in hand","2011K2",60785
"Life insurance companies","1. Cash at bank and in hand","2011K3",70606
"Life insurance companies","1. Cash at bank and in hand","2011K4",67569
"Life insurance companies","1. Cash at bank and in hand","2012K1",73206
"Life insurance companies","1. Cash at bank and in hand","2012K2",69151
"Life insurance companies","1. Cash at bank and in hand","2012K3",59002
"Life insurance companies","1. Cash at bank and in hand","2012K4",58358
"Life insurance companies","1. Cash at bank and in hand","2013K1",64619
"Life insurance companies","1. Cash at bank and in hand","2013K2",45254
"Life insurance companies","1. Cash at bank and in hand","2013K3",49184
"Life insurance companies","1. Cash at bank and in hand","2013K4",61295
"Life insurance companies","1. Cash at bank and in hand","2014K1",72604
"Life insurance companies","1. Cash at bank and in hand","2014K2",60098
"Life insurance companies","1. Cash at bank and in hand","2014K3",62981
"Life insurance companies","1. Cash at bank and in hand","2014K4",65657
"Life insurance companies","1. Cash at bank and in hand","2015K1",85270
"Life insurance companies","1. Cash at bank and in hand","2015K2",73050
"Life insurance companies","1. Cash at bank and in hand","2015K3",65457
"Life insurance companies","1. Cash at bank and in hand","2015K4",69057
"Life insurance companies","1. Cash at bank and in hand","2016K1",87911
"Life insurance companies","1. Cash at bank and in hand","2016K2",66348
"Life insurance companies","1. Cash at bank and in hand","2016K3",65716
"Life insurance companies","1. Cash at bank and in hand","2016K4",65214
"Life insurance companies","1. Cash at bank and in hand","2017K1",84012
"Life insurance companies","1. Cash at bank and in hand","2017K2",76124
"Life insurance companies","1. Cash at bank and in hand","2017K3",71519
"Life insurance companies","1. Cash at bank and in hand","2017K4",67375
"Life insurance companies","1. Cash at bank and in hand","2018K1",85388
"Life insurance companies","1. Cash at bank and in hand","2018K2",76577
"Life insurance companies","1. Cash at bank and in hand","2018K3",72971
"Life insurance companies","1. Cash at bank and in hand","2018K4",76632
"Life insurance companies","1. Cash at bank and in hand","2019K1",91873
"Life insurance companies","1. Cash at bank and in hand","2019K2",76039
"Life insurance companies","1. Cash at bank and in hand","2019K3",69154
"Life insurance companies","1. Cash at bank and in hand","2019K4",79181
"Life insurance companies","1. Cash at bank and in hand","2020K1",131244
"Life insurance companies","1. Cash at bank and in hand","2020K2",106110
"Life insurance companies","1. Cash at bank and in hand","2020K3",89586
"Life insurance companies","1. Cash at bank and in hand","2020K4",92412
"Life insurance companies","1. Cash at bank and in hand","2021K1",114616
"Life insurance companies","1. Cash at bank and in hand","2021K2",99927
"Life insurance companies","1. Cash at bank and in hand","2021K3",110490
"Life insurance companies","1. Cash at bank and in hand","2021K4",110675
"Life insurance companies","1. Cash at bank and in hand","2022K1",134358
"Life insurance companies","1. Cash at bank and in hand","2022K2",124694
"Life insurance companies","1. Cash at bank and in hand","2022K3",117345
"Life insurance companies","1. Cash at bank and in hand","2022K4",112629
"Life insurance companies","1. Cash at bank and in hand","2023K1",128207
"Life insurance companies","1. Cash at bank and in hand","2023K2",109216
"Life insurance companies","1. Cash at bank and in hand","2023K3",120374
"Life insurance companies","1. Cash at bank and in hand","2023K4",140326
"Life insurance companies","1. Cash at bank and in hand","2024K1",120916
"Life insurance companies","1. Cash at bank and in hand","2024K2",130137
"Life insurance companies","1. Cash at bank and in hand","2024K3",140187
"Life insurance companies","1. Cash at bank and in hand","2024K4",107246
"Life insurance companies","1. Cash at bank and in hand","2025K1",154165
"Life insurance companies","1. Cash at bank and in hand","2025K2",139682
"Life insurance companies","1. Cash at bank and in hand","2025K3",136042
"Life insurance companies","2. Money market instruments","2007K3",86510
"Life insurance companies","2. Money market instruments","2007K4",74642
"Life insurance companies","2. Money market instruments","2008K1",45668
"Life insurance companies","2. Money market instruments","2008K2",48685
"Life insurance companies","2. Money market instruments","2008K3",44890
"Life insurance companies","2. Money market instruments","2008K4",30747
"Life insurance companies","2. Money market instruments","2009K1",36704
"Life insurance companies","2. Money market instruments","2009K2",27861
"Life insurance companies","2. Money market instruments","2009K3",23904
"Life insurance companies","2. Money market instruments","2009K4",15449
"Life insurance companies","2. Money market instruments","2010K1",11369
"Life insurance companies","2. Money market instruments","2010K2",11091
"Life insurance companies","2. Money market instruments","2010K3",12372
"Life insurance companies","2. Money market instruments","2010K4",15567
"Life insurance companies","2. Money market instruments","2011K1",14757
"Life insurance companies","2. Money market instruments","2011K2",11369
"Life insurance companies","2. Money market instruments","2011K3",18549
"Life insurance companies","2. Money market instruments","2011K4",21179
"Life insurance companies","2. Money market instruments","2012K1",37097
"Life insurance companies","2. Money market instruments","2012K2",36654
"Life insurance companies","2. Money market instruments","2012K3",25156
"Life insurance companies","2. Money market instruments","2012K4",34639
"Life insurance companies","2. Money market instruments","2013K1",30190
"Life insurance companies","2. Money market instruments","2013K2",27446
"Life insurance companies","2. Money market instruments","2013K3",15762
"Life insurance companies","2. Money market instruments","2013K4",30155
"Life insurance companies","2. Money market instruments","2014K1",16368
"Life insurance companies","2. Money market instruments","2014K2",14303
"Life insurance companies","2. Money market instruments","2014K3",8487
"Life insurance companies","2. Money market instruments","2014K4",9813
"Life insurance companies","2. Money market instruments","2015K1",6841
"Life insurance companies","2. Money market instruments","2015K2",5754
"Life insurance companies","2. Money market instruments","2015K3",7334
"Life insurance companies","2. Money market instruments","2015K4",9073
"Life insurance companies","2. Money market instruments","2016K1",5392
"Life insurance companies","2. Money market instruments","2016K2",6778
"Life insurance companies","2. Money market instruments","2016K3",5675
"Life insurance companies","2. Money market instruments","2016K4",5223
"Life insurance companies","2. Money market instruments","2017K1",4733
"Life insurance companies","2. Money market instruments","2017K2",10297
"Life insurance companies","2. Money market instruments","2017K3",5620
"Life insurance companies","2. Money market instruments","2017K4",12707
"Life insurance companies","2. Money market instruments","2018K1",16076
"Life insurance companies","2. Money market instruments","2018K2",18503
"Life insurance companies","2. Money market instruments","2018K3",18931
"Life insurance companies","2. Money market instruments","2018K4",36851
"Life insurance companies","2. Money market instruments","2019K1",27822
"Life insurance companies","2. Money market instruments","2019K2",13609
"Life insurance companies","2. Money market instruments","2019K3",7549
"Life insurance companies","2. Money market instruments","2019K4",8547
"Life insurance companies","2. Money market instruments","2020K1",7331
"Life insurance companies","2. Money market instruments","2020K2",9910
"Life insurance companies","2. Money market instruments","2020K3",10256
"Life insurance companies","2. Money market instruments","2020K4",11349
"Life insurance companies","2. Money market instruments","2021K1",11856
"Life insurance companies","2. Money market instruments","2021K2",10734
"Life insurance companies","2. Money market instruments","2021K3",8459
"Life insurance companies","2. Money market instruments","2021K4",14035
"Life insurance companies","2. Money market instruments","2022K1",8317
"Life insurance companies","2. Money market instruments","2022K2",24732
"Life insurance companies","2. Money market instruments","2022K3",14959
"Life insurance companies","2. Money market instruments","2022K4",5539
"Life insurance companies","2. Money market instruments","2023K1",45690
"Life insurance companies","2. Money market instruments","2023K2",52717
"Life insurance companies","2. Money market instruments","2023K3",63837
"Life insurance companies","2. Money market instruments","2023K4",101743
"Life insurance companies","2. Money market instruments","2024K1",96388
"Life insurance companies","2. Money market instruments","2024K2",71343
"Life insurance companies","2. Money market instruments","2024K3",69156
"Life insurance companies","2. Money market instruments","2024K4",59893
"Life insurance companies","2. Money market instruments","2025K1",63707
"Life insurance companies","2. Money market instruments","2025K2",95058
"Life insurance companies","2. Money market instruments","2025K3",100221
"Life insurance companies","3. Bonds","2007K3",745131
"Life insurance companies","3. Bonds","2007K4",767257
"Life insurance companies","3. Bonds","2008K1",810605
"Life insurance companies","3. Bonds","2008K2",814354
"Life insurance companies","3. Bonds","2008K3",830498
"Life insurance companies","3. Bonds","2008K4",901685
"Life insurance companies","3. Bonds","2009K1",873875
"Life insurance companies","3. Bonds","2009K2",881320
"Life insurance companies","3. Bonds","2009K3",884505
"Life insurance companies","3. Bonds","2009K4",846567
"Life insurance companies","3. Bonds","2010K1",855679
"Life insurance companies","3. Bonds","2010K2",858624
"Life insurance companies","3. Bonds","2010K3",870317
"Life insurance companies","3. Bonds","2010K4",830233
"Life insurance companies","3. Bonds","2011K1",843220
"Life insurance companies","3. Bonds","2011K2",855679
"Life insurance companies","3. Bonds","2011K3",912967
"Life insurance companies","3. Bonds","2011K4",935961
"Life insurance companies","3. Bonds","2012K1",878752
"Life insurance companies","3. Bonds","2012K2",928511
"Life insurance companies","3. Bonds","2012K3",983990
"Life insurance companies","3. Bonds","2012K4",972886
"Life insurance companies","3. Bonds","2013K1",963921
"Life insurance companies","3. Bonds","2013K2",969984
"Life insurance companies","3. Bonds","2013K3",963621
"Life insurance companies","3. Bonds","2013K4",956317
"Life insurance companies","3. Bonds","2014K1",999956
"Life insurance companies","3. Bonds","2014K2",1007572
"Life insurance companies","3. Bonds","2014K3",1038566
"Life insurance companies","3. Bonds","2014K4",1067067
"Life insurance companies","3. Bonds","2015K1",1113891
"Life insurance companies","3. Bonds","2015K2",1100584
"Life insurance companies","3. Bonds","2015K3",1106813
"Life insurance companies","3. Bonds","2015K4",1089306
"Life insurance companies","3. Bonds","2016K1",1109536
"Life insurance companies","3. Bonds","2016K2",1118178
"Life insurance companies","3. Bonds","2016K3",1111998
"Life insurance companies","3. Bonds","2016K4",1085747
"Life insurance companies","3. Bonds","2017K1",1095239
"Life insurance companies","3. Bonds","2017K2",1089831
"Life insurance companies","3. Bonds","2017K3",1102961
"Life insurance companies","3. Bonds","2017K4",1114554
"Life insurance companies","3. Bonds","2018K1",1119331
"Life insurance companies","3. Bonds","2018K2",1128072
"Life insurance companies","3. Bonds","2018K3",1139903
"Life insurance companies","3. Bonds","2018K4",1143795
"Life insurance companies","3. Bonds","2019K1",1188522
"Life insurance companies","3. Bonds","2019K2",1228150
"Life insurance companies","3. Bonds","2019K3",1241701
"Life insurance companies","3. Bonds","2019K4",1210411
"Life insurance companies","3. Bonds","2020K1",1220012
"Life insurance companies","3. Bonds","2020K2",1226615
"Life insurance companies","3. Bonds","2020K3",1234581
"Life insurance companies","3. Bonds","2020K4",1228791
"Life insurance companies","3. Bonds","2021K1",1231394
"Life insurance companies","3. Bonds","2021K2",1277416
"Life insurance companies","3. Bonds","2021K3",1288540
"Life insurance companies","3. Bonds","2021K4",1290467
"Life insurance companies","3. Bonds","2022K1",1244530
"Life insurance companies","3. Bonds","2022K2",1186750
"Life insurance companies","3. Bonds","2022K3",1161758
"Life insurance companies","3. Bonds","2022K4",1143504
"Life insurance companies","3. Bonds","2023K1",1163092
"Life insurance companies","3. Bonds","2023K2",1175343
"Life insurance companies","3. Bonds","2023K3",1156630
"Life insurance companies","3. Bonds","2023K4",1189335
"Life insurance companies","3. Bonds","2024K1",1219160
"Life insurance companies","3. Bonds","2024K2",1261635
"Life insurance companies","3. Bonds","2024K3",1297328
"Life insurance companies","3. Bonds","2024K4",1338767
"Life insurance companies","3. Bonds","2025K1",1335765
"Life insurance companies","3. Bonds","2025K2",1360001
"Life insurance companies","3. Bonds","2025K3",1366252
"Life insurance companies","4. Debentures and convertible loans","2007K3",9316
"Life insurance companies","4. Debentures and convertible loans","2007K4",9284
"Life insurance companies","4. Debentures and convertible loans","2008K1",9170
"Life insurance companies","4. Debentures and convertible loans","2008K2",8839
"Life insurance companies","4. Debentures and convertible loans","2008K3",11242
"Life insurance companies","4. Debentures and convertible loans","2008K4",13548
"Life insurance companies","4. Debentures and convertible loans","2009K1",13235
"Life insurance companies","4. Debentures and convertible loans","2009K2",15065
"Life insurance companies","4. Debentures and convertible loans","2009K3",14695
"Life insurance companies","4. Debentures and convertible loans","2009K4",12363
"Life insurance companies","4. Debentures and convertible loans","2010K1",13227
"Life insurance companies","4. Debentures and convertible loans","2010K2",20404
"Life insurance companies","4. Debentures and convertible loans","2010K3",17278
"Life insurance companies","4. Debentures and convertible loans","2010K4",15475
"Life insurance companies","4. Debentures and convertible loans","2011K1",14118
"Life insurance companies","4. Debentures and convertible loans","2011K2",13227
"Life insurance companies","4. Debentures and convertible loans","2011K3",14255
"Life insurance companies","4. Debentures and convertible loans","2011K4",13662
"Life insurance companies","4. Debentures and convertible loans","2012K1",14109
"Life insurance companies","4. Debentures and convertible loans","2012K2",14207
"Life insurance companies","4. Debentures and convertible loans","2012K3",14203
"Life insurance companies","4. Debentures and convertible loans","2012K4",13589
"Life insurance companies","4. Debentures and convertible loans","2013K1",13683
"Life insurance companies","4. Debentures and convertible loans","2013K2",13367
"Life insurance companies","4. Debentures and convertible loans","2013K3",13077
"Life insurance companies","4. Debentures and convertible loans","2013K4",13086
"Life insurance companies","4. Debentures and convertible loans","2014K1",11281
"Life insurance companies","4. Debentures and convertible loans","2014K2",12245
"Life insurance companies","4. Debentures and convertible loans","2014K3",12207
"Life insurance companies","4. Debentures and convertible loans","2014K4",13122
"Life insurance companies","4. Debentures and convertible loans","2015K1",14241
"Life insurance companies","4. Debentures and convertible loans","2015K2",14633
"Life insurance companies","4. Debentures and convertible loans","2015K3",14406
"Life insurance companies","4. Debentures and convertible loans","2015K4",14307
"Life insurance companies","4. Debentures and convertible loans","2016K1",14491
"Life insurance companies","4. Debentures and convertible loans","2016K2",14608
"Life insurance companies","4. Debentures and convertible loans","2016K3",14865
"Life insurance companies","4. Debentures and convertible loans","2016K4",15215
"Life insurance companies","4. Debentures and convertible loans","2017K1",15964
"Life insurance companies","4. Debentures and convertible loans","2017K2",15994
"Life insurance companies","4. Debentures and convertible loans","2017K3",13565
"Life insurance companies","4. Debentures and convertible loans","2017K4",12682
"Life insurance companies","4. Debentures and convertible loans","2018K1",12195
"Life insurance companies","4. Debentures and convertible loans","2018K2",12294
"Life insurance companies","4. Debentures and convertible loans","2018K3",11855
"Life insurance companies","4. Debentures and convertible loans","2018K4",11867
"Life insurance companies","4. Debentures and convertible loans","2019K1",10598
"Life insurance companies","4. Debentures and convertible loans","2019K2",10763
"Life insurance companies","4. Debentures and convertible loans","2019K3",11280
"Life insurance companies","4. Debentures and convertible loans","2019K4",12019
"Life insurance companies","4. Debentures and convertible loans","2020K1",12272
"Life insurance companies","4. Debentures and convertible loans","2020K2",9887
"Life insurance companies","4. Debentures and convertible loans","2020K3",10691
"Life insurance companies","4. Debentures and convertible loans","2020K4",11290
"Life insurance companies","4. Debentures and convertible loans","2021K1",11700
"Life insurance companies","4. Debentures and convertible loans","2021K2",12466
"Life insurance companies","4. Debentures and convertible loans","2021K3",12164
"Life insurance companies","4. Debentures and convertible loans","2021K4",14315
"Life insurance companies","4. Debentures and convertible loans","2022K1",12471
"Life insurance companies","4. Debentures and convertible loans","2022K2",16873
"Life insurance companies","4. Debentures and convertible loans","2022K3",22529
"Life insurance companies","4. Debentures and convertible loans","2022K4",26214
"Life insurance companies","4. Debentures and convertible loans","2023K1",26893
"Life insurance companies","4. Debentures and convertible loans","2023K2",26800
"Life insurance companies","4. Debentures and convertible loans","2023K3",26354
"Life insurance companies","4. Debentures and convertible loans","2023K4",28333
"Life insurance companies","4. Debentures and convertible loans","2024K1",30432
"Life insurance companies","4. Debentures and convertible loans","2024K2",30529
"Life insurance companies","4. Debentures and convertible loans","2024K3",28072
"Life insurance companies","4. Debentures and convertible loans","2024K4",27273
"Life insurance companies","4. Debentures and convertible loans","2025K1",27342
"Life insurance companies","4. Debentures and convertible loans","2025K2",27207
"Life insurance companies","4. Debentures and convertible loans","2025K3",25270
"Life insurance companies","5. Accrued interest","2007K3",14982
"Life insurance companies","5. Accrued interest","2007K4",14311
"Life insurance companies","5. Accrued interest","2008K1",17123
"Life insurance companies","5. Accrued interest","2008K2",15523
"Life insurance companies","5. Accrued interest","2008K3",16355
"Life insurance companies","5. Accrued interest","2008K4",15736
"Life insurance companies","5. Accrued interest","2009K1",17745
"Life insurance companies","5. Accrued interest","2009K2",14993
"Life insurance companies","5. Accrued interest","2009K3",16612
"Life insurance companies","5. Accrued interest","2009K4",15931
"Life insurance companies","5. Accrued interest","2010K1",16615
"Life insurance companies","5. Accrued interest","2010K2",13287
"Life insurance companies","5. Accrued interest","2010K3",15498
"Life insurance companies","5. Accrued interest","2010K4",15781
"Life insurance companies","5. Accrued interest","2011K1",16819
"Life insurance companies","5. Accrued interest","2011K2",16615
"Life insurance companies","5. Accrued interest","2011K3",15212
"Life insurance companies","5. Accrued interest","2011K4",19191
"Life insurance companies","5. Accrued interest","2012K1",18881
"Life insurance companies","5. Accrued interest","2012K2",13984
"Life insurance companies","5. Accrued interest","2012K3",16411
"Life insurance companies","5. Accrued interest","2012K4",19843
"Life insurance companies","5. Accrued interest","2013K1",20508
"Life insurance companies","5. Accrued interest","2013K2",14442
"Life insurance companies","5. Accrued interest","2013K3",15378
"Life insurance companies","5. Accrued interest","2013K4",17526
"Life insurance companies","5. Accrued interest","2014K1",19085
"Life insurance companies","5. Accrued interest","2014K2",14345
"Life insurance companies","5. Accrued interest","2014K3",15799
"Life insurance companies","5. Accrued interest","2014K4",16264
"Life insurance companies","5. Accrued interest","2015K1",16803
"Life insurance companies","5. Accrued interest","2015K2",14504
"Life insurance companies","5. Accrued interest","2015K3",15430
"Life insurance companies","5. Accrued interest","2015K4",15854
"Life insurance companies","5. Accrued interest","2016K1",17045
"Life insurance companies","5. Accrued interest","2016K2",13702
"Life insurance companies","5. Accrued interest","2016K3",15558
"Life insurance companies","5. Accrued interest","2016K4",14359
"Life insurance companies","5. Accrued interest","2017K1",15970
"Life insurance companies","5. Accrued interest","2017K2",12393
"Life insurance companies","5. Accrued interest","2017K3",14136
"Life insurance companies","5. Accrued interest","2017K4",14771
"Life insurance companies","5. Accrued interest","2018K1",16702
"Life insurance companies","5. Accrued interest","2018K2",12213
"Life insurance companies","5. Accrued interest","2018K3",15079
"Life insurance companies","5. Accrued interest","2018K4",14191
"Life insurance companies","5. Accrued interest","2019K1",16448
"Life insurance companies","5. Accrued interest","2019K2",11842
"Life insurance companies","5. Accrued interest","2019K3",15221
"Life insurance companies","5. Accrued interest","2019K4",13870
"Life insurance companies","5. Accrued interest","2020K1",14876
"Life insurance companies","5. Accrued interest","2020K2",11480
"Life insurance companies","5. Accrued interest","2020K3",13395
"Life insurance companies","5. Accrued interest","2020K4",11644
"Life insurance companies","5. Accrued interest","2021K1",12984
"Life insurance companies","5. Accrued interest","2021K2",12248
"Life insurance companies","5. Accrued interest","2021K3",12614
"Life insurance companies","5. Accrued interest","2021K4",12231
"Life insurance companies","5. Accrued interest","2022K1",6681
"Life insurance companies","5. Accrued interest","2022K2",6814
"Life insurance companies","5. Accrued interest","2022K3",8113
"Life insurance companies","5. Accrued interest","2022K4",8340
"Life insurance companies","5. Accrued interest","2023K1",10320
"Life insurance companies","5. Accrued interest","2023K2",9537
"Life insurance companies","5. Accrued interest","2023K3",10027
"Life insurance companies","5. Accrued interest","2023K4",9983
"Life insurance companies","5. Accrued interest","2024K1",12851
"Life insurance companies","5. Accrued interest","2024K2",12321
"Life insurance companies","5. Accrued interest","2024K3",12880
"Life insurance companies","5. Accrued interest","2024K4",13339
"Life insurance companies","5. Accrued interest","2025K1",14396
"Life insurance companies","5. Accrued interest","2025K2",13623
"Life insurance companies","5. Accrued interest","2025K3",15861
"Life insurance companies","6. Shares and participations","2007K3",1152535
"Life insurance companies","6. Shares and participations","2007K4",1128415
"Life insurance companies","6. Shares and participations","2008K1",1031481
"Life insurance companies","6. Shares and participations","2008K2",1008276
"Life insurance companies","6. Shares and participations","2008K3",951288
"Life insurance companies","6. Shares and participations","2008K4",834375
"Life insurance companies","6. Shares and participations","2009K1",819573
"Life insurance companies","6. Shares and participations","2009K2",969484
"Life insurance companies","6. Shares and participations","2009K3",1076915
"Life insurance companies","6. Shares and participations","2009K4",1193234
"Life insurance companies","6. Shares and participations","2010K1",1268035
"Life insurance companies","6. Shares and participations","2010K2",1250284
"Life insurance companies","6. Shares and participations","2010K3",1291140
"Life insurance companies","6. Shares and participations","2010K4",1373088
"Life insurance companies","6. Shares and participations","2011K1",1382728
"Life insurance companies","6. Shares and participations","2011K2",1268035
"Life insurance companies","6. Shares and participations","2011K3",1192969
"Life insurance companies","6. Shares and participations","2011K4",1221654
"Life insurance companies","6. Shares and participations","2012K1",1350929
"Life insurance companies","6. Shares and participations","2012K2",1314873
"Life insurance companies","6. Shares and participations","2012K3",1341305
"Life insurance companies","6. Shares and participations","2012K4",1399436
"Life insurance companies","6. Shares and participations","2013K1",1487223
"Life insurance companies","6. Shares and participations","2013K2",1507055
"Life insurance companies","6. Shares and participations","2013K3",1584602
"Life insurance companies","6. Shares and participations","2013K4",1661406
"Life insurance companies","6. Shares and participations","2014K1",1721835
"Life insurance companies","6. Shares and participations","2014K2",1826940
"Life insurance companies","6. Shares and participations","2014K3",1874569
"Life insurance companies","6. Shares and participations","2014K4",1982596
"Life insurance companies","6. Shares and participations","2015K1",2212531
"Life insurance companies","6. Shares and participations","2015K2",2130977
"Life insurance companies","6. Shares and participations","2015K3",2023111
"Life insurance companies","6. Shares and participations","2015K4",2129367
"Life insurance companies","6. Shares and participations","2016K1",2079785
"Life insurance companies","6. Shares and participations","2016K2",2134747
"Life insurance companies","6. Shares and participations","2016K3",2271974
"Life insurance companies","6. Shares and participations","2016K4",2363147
"Life insurance companies","6. Shares and participations","2017K1",2467405
"Life insurance companies","6. Shares and participations","2017K2",2512995
"Life insurance companies","6. Shares and participations","2017K3",2554557
"Life insurance companies","6. Shares and participations","2017K4",2616160
"Life insurance companies","6. Shares and participations","2018K1",2638813
"Life insurance companies","6. Shares and participations","2018K2",2768347
"Life insurance companies","6. Shares and participations","2018K3",2832901
"Life insurance companies","6. Shares and participations","2018K4",2511432
"Life insurance companies","6. Shares and participations","2019K1",2776239
"Life insurance companies","6. Shares and participations","2019K2",2901059
"Life insurance companies","6. Shares and participations","2019K3",3008968
"Life insurance companies","6. Shares and participations","2019K4",3152757
"Life insurance companies","6. Shares and participations","2020K1",2743651
"Life insurance companies","6. Shares and participations","2020K2",3035369
"Life insurance companies","6. Shares and participations","2020K3",3271610
"Life insurance companies","6. Shares and participations","2020K4",3457732
"Life insurance companies","6. Shares and participations","2021K1",3860658
"Life insurance companies","6. Shares and participations","2021K2",4228711
"Life insurance companies","6. Shares and participations","2021K3",4290598
"Life insurance companies","6. Shares and participations","2021K4",4703863
"Life insurance companies","6. Shares and participations","2022K1",4408813
"Life insurance companies","6. Shares and participations","2022K2",4052641
"Life insurance companies","6. Shares and participations","2022K3",4029888
"Life insurance companies","6. Shares and participations","2022K4",4165594
"Life insurance companies","6. Shares and participations","2023K1",4384524
"Life insurance companies","6. Shares and participations","2023K2",4580752
"Life insurance companies","6. Shares and participations","2023K3",4425952
"Life insurance companies","6. Shares and participations","2023K4",4630526
"Life insurance companies","6. Shares and participations","2024K1",5062092
"Life insurance companies","6. Shares and participations","2024K2",5168616
"Life insurance companies","6. Shares and participations","2024K3",5281655
"Life insurance companies","6. Shares and participations","2024K4",5355458
"Life insurance companies","6. Shares and participations","2025K1",5050062
"Life insurance companies","6. Shares and participations","2025K2",5288776
"Life insurance companies","6. Shares and participations","2025K3",5502280
"Life insurance companies","7. Loans","2007K3",40215
"Life insurance companies","7. Loans","2007K4",39057
"Life insurance companies","7. Loans","2008K1",38974
"Life insurance companies","7. Loans","2008K2",35782
"Life insurance companies","7. Loans","2008K3",35437
"Life insurance companies","7. Loans","2008K4",34950
"Life insurance companies","7. Loans","2009K1",37252
"Life insurance companies","7. Loans","2009K2",37980
"Life insurance companies","7. Loans","2009K3",39971
"Life insurance companies","7. Loans","2009K4",46188
"Life insurance companies","7. Loans","2010K1",46410
"Life insurance companies","7. Loans","2010K2",48244
"Life insurance companies","7. Loans","2010K3",48731
"Life insurance companies","7. Loans","2010K4",69642
"Life insurance companies","7. Loans","2011K1",64536
"Life insurance companies","7. Loans","2011K2",46410
"Life insurance companies","7. Loans","2011K3",64667
"Life insurance companies","7. Loans","2011K4",55554
"Life insurance companies","7. Loans","2012K1",74735
"Life insurance companies","7. Loans","2012K2",67264
"Life insurance companies","7. Loans","2012K3",70703
"Life insurance companies","7. Loans","2012K4",56430
"Life insurance companies","7. Loans","2013K1",66934
"Life insurance companies","7. Loans","2013K2",65643
"Life insurance companies","7. Loans","2013K3",70038
"Life insurance companies","7. Loans","2013K4",63629
"Life insurance companies","7. Loans","2014K1",74884
"Life insurance companies","7. Loans","2014K2",77061
"Life insurance companies","7. Loans","2014K3",75889
"Life insurance companies","7. Loans","2014K4",64362
"Life insurance companies","7. Loans","2015K1",62839
"Life insurance companies","7. Loans","2015K2",74571
"Life insurance companies","7. Loans","2015K3",65004
"Life insurance companies","7. Loans","2015K4",58242
"Life insurance companies","7. Loans","2016K1",62289
"Life insurance companies","7. Loans","2016K2",66185
"Life insurance companies","7. Loans","2016K3",66095
"Life insurance companies","7. Loans","2016K4",65804
"Life insurance companies","7. Loans","2017K1",73440
"Life insurance companies","7. Loans","2017K2",83332
"Life insurance companies","7. Loans","2017K3",82215
"Life insurance companies","7. Loans","2017K4",65386
"Life insurance companies","7. Loans","2018K1",82930
"Life insurance companies","7. Loans","2018K2",74403
"Life insurance companies","7. Loans","2018K3",75967
"Life insurance companies","7. Loans","2018K4",75139
"Life insurance companies","7. Loans","2019K1",73027
"Life insurance companies","7. Loans","2019K2",83815
"Life insurance companies","7. Loans","2019K3",78696
"Life insurance companies","7. Loans","2019K4",79897
"Life insurance companies","7. Loans","2020K1",91748
"Life insurance companies","7. Loans","2020K2",87416
"Life insurance companies","7. Loans","2020K3",88200
"Life insurance companies","7. Loans","2020K4",88431
"Life insurance companies","7. Loans","2021K1",98926
"Life insurance companies","7. Loans","2021K2",113249
"Life insurance companies","7. Loans","2021K3",125712
"Life insurance companies","7. Loans","2021K4",117821
"Life insurance companies","7. Loans","2022K1",134912
"Life insurance companies","7. Loans","2022K2",142191
"Life insurance companies","7. Loans","2022K3",146210
"Life insurance companies","7. Loans","2022K4",144090
"Life insurance companies","7. Loans","2023K1",136998
"Life insurance companies","7. Loans","2023K2",145634
"Life insurance companies","7. Loans","2023K3",134727
"Life insurance companies","7. Loans","2023K4",126309
"Life insurance companies","7. Loans","2024K1",118051
"Life insurance companies","7. Loans","2024K2",118720
"Life insurance companies","7. Loans","2024K3",124785
"Life insurance companies","7. Loans","2024K4",120005
"Life insurance companies","7. Loans","2025K1",128854
"Life insurance companies","7. Loans","2025K2",129446
"Life insurance companies","7. Loans","2025K3",122091
"Life insurance companies","8. Land and buildings","2007K3",57855
"Life insurance companies","8. Land and buildings","2007K4",60009
"Life insurance companies","8. Land and buildings","2008K1",57522
"Life insurance companies","8. Land and buildings","2008K2",56175
"Life insurance companies","8. Land and buildings","2008K3",54130
"Life insurance companies","8. Land and buildings","2008K4",49891
"Life insurance companies","8. Land and buildings","2009K1",49562
"Life insurance companies","8. Land and buildings","2009K2",48482
"Life insurance companies","8. Land and buildings","2009K3",47669
"Life insurance companies","8. Land and buildings","2009K4",47957
"Life insurance companies","8. Land and buildings","2010K1",48688
"Life insurance companies","8. Land and buildings","2010K2",49297
"Life insurance companies","8. Land and buildings","2010K3",49065
"Life insurance companies","8. Land and buildings","2010K4",50235
"Life insurance companies","8. Land and buildings","2011K1",50392
"Life insurance companies","8. Land and buildings","2011K2",48688
"Life insurance companies","8. Land and buildings","2011K3",51789
"Life insurance companies","8. Land and buildings","2011K4",52924
"Life insurance companies","8. Land and buildings","2012K1",51671
"Life insurance companies","8. Land and buildings","2012K2",50891
"Life insurance companies","8. Land and buildings","2012K3",50939
"Life insurance companies","8. Land and buildings","2012K4",52120
"Life insurance companies","8. Land and buildings","2013K1",50825
"Life insurance companies","8. Land and buildings","2013K2",51751
"Life insurance companies","8. Land and buildings","2013K3",52112
"Life insurance companies","8. Land and buildings","2013K4",54963
"Life insurance companies","8. Land and buildings","2014K1",54784
"Life insurance companies","8. Land and buildings","2014K2",54847
"Life insurance companies","8. Land and buildings","2014K3",55183
"Life insurance companies","8. Land and buildings","2014K4",57851
"Life insurance companies","8. Land and buildings","2015K1",58929
"Life insurance companies","8. Land and buildings","2015K2",60896
"Life insurance companies","8. Land and buildings","2015K3",61925
"Life insurance companies","8. Land and buildings","2015K4",65431
"Life insurance companies","8. Land and buildings","2016K1",65461
"Life insurance companies","8. Land and buildings","2016K2",67659
"Life insurance companies","8. Land and buildings","2016K3",68259
"Life insurance companies","8. Land and buildings","2016K4",68217
"Life insurance companies","8. Land and buildings","2017K1",68819
"Life insurance companies","8. Land and buildings","2017K2",72036
"Life insurance companies","8. Land and buildings","2017K3",72492
"Life insurance companies","8. Land and buildings","2017K4",76054
"Life insurance companies","8. Land and buildings","2018K1",75424
"Life insurance companies","8. Land and buildings","2018K2",78695
"Life insurance companies","8. Land and buildings","2018K3",79201
"Life insurance companies","8. Land and buildings","2018K4",82980
"Life insurance companies","8. Land and buildings","2019K1",82352
"Life insurance companies","8. Land and buildings","2019K2",83955
"Life insurance companies","8. Land and buildings","2019K3",91084
"Life insurance companies","8. Land and buildings","2019K4",93342
"Life insurance companies","8. Land and buildings","2020K1",84692
"Life insurance companies","8. Land and buildings","2020K2",83487
"Life insurance companies","8. Land and buildings","2020K3",83676
"Life insurance companies","8. Land and buildings","2020K4",80696
"Life insurance companies","8. Land and buildings","2021K1",82017
"Life insurance companies","8. Land and buildings","2021K2",86604
"Life insurance companies","8. Land and buildings","2021K3",86064
"Life insurance companies","8. Land and buildings","2021K4",91299
"Life insurance companies","8. Land and buildings","2022K1",89285
"Life insurance companies","8. Land and buildings","2022K2",91071
"Life insurance companies","8. Land and buildings","2022K3",90554
"Life insurance companies","8. Land and buildings","2022K4",88893
"Life insurance companies","8. Land and buildings","2023K1",86911
"Life insurance companies","8. Land and buildings","2023K2",84886
"Life insurance companies","8. Land and buildings","2023K3",84640
"Life insurance companies","8. Land and buildings","2023K4",59401
"Life insurance companies","8. Land and buildings","2024K1",58807
"Life insurance companies","8. Land and buildings","2024K2",56588
"Life insurance companies","8. Land and buildings","2024K3",56419
"Life insurance companies","8. Land and buildings","2024K4",57670
"Life insurance companies","8. Land and buildings","2025K1",55237
"Life insurance companies","8. Land and buildings","2025K2",53986
"Life insurance companies","8. Land and buildings","2025K3",54280
"Life insurance companies","9. Derivatives","2007K3",..
"Life insurance companies","9. Derivatives","2007K4",..
"Life insurance companies","9. Derivatives","2008K1",..
"Life insurance companies","9. Derivatives","2008K2",..
"Life insurance companies","9. Derivatives","2008K3",..
"Life insurance companies","9. Derivatives","2008K4",..
"Life insurance companies","9. Derivatives","2009K1",..
"Life insurance companies","9. Derivatives","2009K2",14423
"Life insurance companies","9. Derivatives","2009K3",18164
"Life insurance companies","9. Derivatives","2009K4",14199
"Life insurance companies","9. Derivatives","2010K1",12968
"Life insurance companies","9. Derivatives","2010K2",13656
"Life insurance companies","9. Derivatives","2010K3",36565
"Life insurance companies","9. Derivatives","2010K4",21296
"Life insurance companies","9. Derivatives","2011K1",13358
"Life insurance companies","9. Derivatives","2011K2",12968
"Life insurance companies","9. Derivatives","2011K3",22640
"Life insurance companies","9. Derivatives","2011K4",24288
"Life insurance companies","9. Derivatives","2012K1",20221
"Life insurance companies","9. Derivatives","2012K2",24150
"Life insurance companies","9. Derivatives","2012K3",29157
"Life insurance companies","9. Derivatives","2012K4",31743
"Life insurance companies","9. Derivatives","2013K1",26173
"Life insurance companies","9. Derivatives","2013K2",13392
"Life insurance companies","9. Derivatives","2013K3",13270
"Life insurance companies","9. Derivatives","2013K4",15177
"Life insurance companies","9. Derivatives","2014K1",15202
"Life insurance companies","9. Derivatives","2014K2",14932
"Life insurance companies","9. Derivatives","2014K3",23124
"Life insurance companies","9. Derivatives","2014K4",27452
"Life insurance companies","9. Derivatives","2015K1",35352
"Life insurance companies","9. Derivatives","2015K2",23795
"Life insurance companies","9. Derivatives","2015K3",28273
"Life insurance companies","9. Derivatives","2015K4",27947
"Life insurance companies","9. Derivatives","2016K1",34103
"Life insurance companies","9. Derivatives","2016K2",30162
"Life insurance companies","9. Derivatives","2016K3",27738
"Life insurance companies","9. Derivatives","2016K4",27282
"Life insurance companies","9. Derivatives","2017K1",19412
"Life insurance companies","9. Derivatives","2017K2",29570
"Life insurance companies","9. Derivatives","2017K3",18856
"Life insurance companies","9. Derivatives","2017K4",21782
"Life insurance companies","9. Derivatives","2018K1",16267
"Life insurance companies","9. Derivatives","2018K2",17669
"Life insurance companies","9. Derivatives","2018K3",22109
"Life insurance companies","9. Derivatives","2018K4",24256
"Life insurance companies","9. Derivatives","2019K1",21471
"Life insurance companies","9. Derivatives","2019K2",33325
"Life insurance companies","9. Derivatives","2019K3",30138
"Life insurance companies","9. Derivatives","2019K4",38411
"Life insurance companies","9. Derivatives","2020K1",30260
"Life insurance companies","9. Derivatives","2020K2",45850
"Life insurance companies","9. Derivatives","2020K3",32254
"Life insurance companies","9. Derivatives","2020K4",44823
"Life insurance companies","9. Derivatives","2021K1",20171
"Life insurance companies","9. Derivatives","2021K2",17629
"Life insurance companies","9. Derivatives","2021K3",17073
"Life insurance companies","9. Derivatives","2021K4",15177
"Life insurance companies","9. Derivatives","2022K1",25034
"Life insurance companies","9. Derivatives","2022K2",20353
"Life insurance companies","9. Derivatives","2022K3",29441
"Life insurance companies","9. Derivatives","2022K4",51322
"Life insurance companies","9. Derivatives","2023K1",31682
"Life insurance companies","9. Derivatives","2023K2",23130
"Life insurance companies","9. Derivatives","2023K3",38986
"Life insurance companies","9. Derivatives","2023K4",79209
"Life insurance companies","9. Derivatives","2024K1",16253
"Life insurance companies","9. Derivatives","2024K2",22813
"Life insurance companies","9. Derivatives","2024K3",36810
"Life insurance companies","9. Derivatives","2024K4",15834
"Life insurance companies","9. Derivatives","2025K1",70306
"Life insurance companies","9. Derivatives","2025K2",34011
"Life insurance companies","9. Derivatives","2025K3",26356
"Life insurance companies","10. Repurchase agreements","2007K3",..
"Life insurance companies","10. Repurchase agreements","2007K4",..
"Life insurance companies","10. Repurchase agreements","2008K1",..
"Life insurance companies","10. Repurchase agreements","2008K2",..
"Life insurance companies","10. Repurchase agreements","2008K3",..
"Life insurance companies","10. Repurchase agreements","2008K4",..
"Life insurance companies","10. Repurchase agreements","2009K1",..
"Life insurance companies","10. Repurchase agreements","2009K2",1924
"Life insurance companies","10. Repurchase agreements","2009K3",4047
"Life insurance companies","10. Repurchase agreements","2009K4",6239
"Life insurance companies","10. Repurchase agreements","2010K1",10866
"Life insurance companies","10. Repurchase agreements","2010K2",9373
"Life insurance companies","10. Repurchase agreements","2010K3",20669
"Life insurance companies","10. Repurchase agreements","2010K4",13701
"Life insurance companies","10. Repurchase agreements","2011K1",22408
"Life insurance companies","10. Repurchase agreements","2011K2",10866
"Life insurance companies","10. Repurchase agreements","2011K3",22633
"Life insurance companies","10. Repurchase agreements","2011K4",23729
"Life insurance companies","10. Repurchase agreements","2012K1",26108
"Life insurance companies","10. Repurchase agreements","2012K2",21259
"Life insurance companies","10. Repurchase agreements","2012K3",25853
"Life insurance companies","10. Repurchase agreements","2012K4",19327
"Life insurance companies","10. Repurchase agreements","2013K1",29287
"Life insurance companies","10. Repurchase agreements","2013K2",30982
"Life insurance companies","10. Repurchase agreements","2013K3",20763
"Life insurance companies","10. Repurchase agreements","2013K4",34610
"Life insurance companies","10. Repurchase agreements","2014K1",19891
"Life insurance companies","10. Repurchase agreements","2014K2",21123
"Life insurance companies","10. Repurchase agreements","2014K3",30596
"Life insurance companies","10. Repurchase agreements","2014K4",28236
"Life insurance companies","10. Repurchase agreements","2015K1",24117
"Life insurance companies","10. Repurchase agreements","2015K2",28465
"Life insurance companies","10. Repurchase agreements","2015K3",29421
"Life insurance companies","10. Repurchase agreements","2015K4",25353
"Life insurance companies","10. Repurchase agreements","2016K1",39935
"Life insurance companies","10. Repurchase agreements","2016K2",43839
"Life insurance companies","10. Repurchase agreements","2016K3",38724
"Life insurance companies","10. Repurchase agreements","2016K4",34466
"Life insurance companies","10. Repurchase agreements","2017K1",55476
"Life insurance companies","10. Repurchase agreements","2017K2",70380
"Life insurance companies","10. Repurchase agreements","2017K3",83933
"Life insurance companies","10. Repurchase agreements","2017K4",43604
"Life insurance companies","10. Repurchase agreements","2018K1",61898
"Life insurance companies","10. Repurchase agreements","2018K2",55544
"Life insurance companies","10. Repurchase agreements","2018K3",56516
"Life insurance companies","10. Repurchase agreements","2018K4",45889
"Life insurance companies","10. Repurchase agreements","2019K1",46527
"Life insurance companies","10. Repurchase agreements","2019K2",41168
"Life insurance companies","10. Repurchase agreements","2019K3",58807
"Life insurance companies","10. Repurchase agreements","2019K4",68938
"Life insurance companies","10. Repurchase agreements","2020K1",56394
"Life insurance companies","10. Repurchase agreements","2020K2",39419
"Life insurance companies","10. Repurchase agreements","2020K3",40084
"Life insurance companies","10. Repurchase agreements","2020K4",32793
"Life insurance companies","10. Repurchase agreements","2021K1",32821
"Life insurance companies","10. Repurchase agreements","2021K2",30707
"Life insurance companies","10. Repurchase agreements","2021K3",31328
"Life insurance companies","10. Repurchase agreements","2021K4",34621
"Life insurance companies","10. Repurchase agreements","2022K1",28766
"Life insurance companies","10. Repurchase agreements","2022K2",24766
"Life insurance companies","10. Repurchase agreements","2022K3",37345
"Life insurance companies","10. Repurchase agreements","2022K4",36260
"Life insurance companies","10. Repurchase agreements","2023K1",22822
"Life insurance companies","10. Repurchase agreements","2023K2",33371
"Life insurance companies","10. Repurchase agreements","2023K3",33105
"Life insurance companies","10. Repurchase agreements","2023K4",34303
"Life insurance companies","10. Repurchase agreements","2024K1",28627
"Life insurance companies","10. Repurchase agreements","2024K2",17689
"Life insurance companies","10. Repurchase agreements","2024K3",14232
"Life insurance companies","10. Repurchase agreements","2024K4",14403
"Life insurance companies","10. Repurchase agreements","2025K1",6676
"Life insurance companies","10. Repurchase agreements","2025K2",473
"Life insurance companies","10. Repurchase agreements","2025K3",1148
"Life insurance companies","11. Other financial investments","2007K3",13697
"Life insurance companies","11. Other financial investments","2007K4",17895
"Life insurance companies","11. Other financial investments","2008K1",26687
"Life insurance companies","11. Other financial investments","2008K2",15765
"Life insurance companies","11. Other financial investments","2008K3",6268
"Life insurance companies","11. Other financial investments","2008K4",6911
"Life insurance companies","11. Other financial investments","2009K1",15450
"Life insurance companies","11. Other financial investments","2009K2",14831
"Life insurance companies","11. Other financial investments","2009K3",5938
"Life insurance companies","11. Other financial investments","2009K4",1795
"Life insurance companies","11. Other financial investments","2010K1",12542
"Life insurance companies","11. Other financial investments","2010K2",8114
"Life insurance companies","11. Other financial investments","2010K3",10929
"Life insurance companies","11. Other financial investments","2010K4",4141
"Life insurance companies","11. Other financial investments","2011K1",25204
"Life insurance companies","11. Other financial investments","2011K2",12542
"Life insurance companies","11. Other financial investments","2011K3",22232
"Life insurance companies","11. Other financial investments","2011K4",10950
"Life insurance companies","11. Other financial investments","2012K1",15474
"Life insurance companies","11. Other financial investments","2012K2",31765
"Life insurance companies","11. Other financial investments","2012K3",15254
"Life insurance companies","11. Other financial investments","2012K4",6987
"Life insurance companies","11. Other financial investments","2013K1",26017
"Life insurance companies","11. Other financial investments","2013K2",42497
"Life insurance companies","11. Other financial investments","2013K3",16141
"Life insurance companies","11. Other financial investments","2013K4",11197
"Life insurance companies","11. Other financial investments","2014K1",36931
"Life insurance companies","11. Other financial investments","2014K2",23263
"Life insurance companies","11. Other financial investments","2014K3",39293
"Life insurance companies","11. Other financial investments","2014K4",26557
"Life insurance companies","11. Other financial investments","2015K1",51440
"Life insurance companies","11. Other financial investments","2015K2",27869
"Life insurance companies","11. Other financial investments","2015K3",33520
"Life insurance companies","11. Other financial investments","2015K4",7576
"Life insurance companies","11. Other financial investments","2016K1",30499
"Life insurance companies","11. Other financial investments","2016K2",52194
"Life insurance companies","11. Other financial investments","2016K3",27710
"Life insurance companies","11. Other financial investments","2016K4",13766
"Life insurance companies","11. Other financial investments","2017K1",26221
"Life insurance companies","11. Other financial investments","2017K2",12401
"Life insurance companies","11. Other financial investments","2017K3",37807
"Life insurance companies","11. Other financial investments","2017K4",9012
"Life insurance companies","11. Other financial investments","2018K1",50599
"Life insurance companies","11. Other financial investments","2018K2",23045
"Life insurance companies","11. Other financial investments","2018K3",16399
"Life insurance companies","11. Other financial investments","2018K4",9936
"Life insurance companies","11. Other financial investments","2019K1",24491
"Life insurance companies","11. Other financial investments","2019K2",26954
"Life insurance companies","11. Other financial investments","2019K3",28518
"Life insurance companies","11. Other financial investments","2019K4",19085
"Life insurance companies","11. Other financial investments","2020K1",25702
"Life insurance companies","11. Other financial investments","2020K2",36179
"Life insurance companies","11. Other financial investments","2020K3",18233
"Life insurance companies","11. Other financial investments","2020K4",10632
"Life insurance companies","11. Other financial investments","2021K1",29016
"Life insurance companies","11. Other financial investments","2021K2",15104
"Life insurance companies","11. Other financial investments","2021K3",20421
"Life insurance companies","11. Other financial investments","2021K4",27287
"Life insurance companies","11. Other financial investments","2022K1",44450
"Life insurance companies","11. Other financial investments","2022K2",22339
"Life insurance companies","11. Other financial investments","2022K3",50281
"Life insurance companies","11. Other financial investments","2022K4",21063
"Life insurance companies","11. Other financial investments","2023K1",65458
"Life insurance companies","11. Other financial investments","2023K2",35384
"Life insurance companies","11. Other financial investments","2023K3",38294
"Life insurance companies","11. Other financial investments","2023K4",15626
"Life insurance companies","11. Other financial investments","2024K1",44821
"Life insurance companies","11. Other financial investments","2024K2",17390
"Life insurance companies","11. Other financial investments","2024K3",27037
"Life insurance companies","11. Other financial investments","2024K4",17704
"Life insurance companies","11. Other financial investments","2025K1",26448
"Life insurance companies","11. Other financial investments","2025K2",14790
"Life insurance companies","11. Other financial investments","2025K3",105352
